{
  "answer": {
    "em": 0.63,
    "f1": 0.7617330398359811,
    "n": 200,
    "prec": 0.786797619047619,
    "recall": 0.7623134920634921
  },
  "by_level": {
    "hard": {
      "ans_em": 0.63,
      "ans_f1": 0.7617330398359811,
      "ans_prec": 0.786797619047619,
      "ans_recall": 0.7623134920634921,
      "joint_em": 0.015,
      "joint_f1": 0.43626476876298304,
      "joint_prec": 0.34891468253968255,
      "joint_recall": 0.6672579365079365,
      "n": 200,
      "sp_em": 0.03,
      "sp_f1": 0.5422261904761905,
      "sp_prec": 0.41783333333333333,
      "sp_recall": 0.8272499999999999
    }
  },
  "by_type": {
    "bridge": {
      "ans_em": 0.5853658536585366,
      "ans_f1": 0.7379874469544484,
      "ans_prec": 0.7643873403019744,
      "ans_recall": 0.7377226093689508,
      "joint_em": 0.006097560975609756,
      "joint_f1": 0.4101436573975773,
      "joint_prec": 0.32774148277197057,
      "joint_recall": 0.6325735578784359,
      "n": 164,
      "sp_em": 0.024390243902439025,
      "sp_f1": 0.5213432231724915,
      "sp_prec": 0.400609756097561,
      "sp_recall": 0.8001016260162602
    },
    "comparison": {
      "ans_em": 0.8333333333333334,
      "ans_f1": 0.8699074074074074,
      "ans_prec": 0.8888888888888888,
      "ans_recall": 0.8743386243386243,
      "joint_em": 0.05555555555555555,
      "joint_f1": 0.5552609427609427,
      "joint_prec": 0.4453703703703703,
      "joint_recall": 0.8252645502645503,
      "n": 36,
      "sp_em": 0.05555555555555555,
      "sp_f1": 0.6373597081930416,
      "sp_prec": 0.4962962962962963,
      "sp_recall": 0.950925925925926
    }
  },
  "joint": {
    "em": 0.015,
    "f1": 0.43626476876298304,
    "n": 200,
    "prec": 0.34891468253968255,
    "recall": 0.6672579365079365
  },
  "latency_ms": {
    "generation_p50": 540.6407117843628,
    "generation_p95": 1114.41192626953,
    "ingest_p50": 226.3467311859131,
    "ingest_p95": 363.76711130142206,
    "retrieval_p50": 782.2839021682739,
    "retrieval_p95": 1405.9389114379878,
    "retrieval_p99": 1553.301260471343
  },
  "n_errors": 0,
  "n_scored": 200,
  "n_total": 200,
  "supporting_facts": {
    "em": 0.03,
    "f1": 0.5422261904761905,
    "n": 200,
    "prec": 0.41783333333333333,
    "recall": 0.8272499999999999
  }
}