{
  "answer": {
    "em": 0.645,
    "f1": 0.7686466637937227,
    "n": 200,
    "prec": 0.7931166666666667,
    "recall": 0.773313492063492
  },
  "by_level": {
    "hard": {
      "ans_em": 0.645,
      "ans_f1": 0.7686466637937227,
      "ans_prec": 0.7931166666666667,
      "ans_recall": 0.773313492063492,
      "joint_em": 0.015,
      "joint_f1": 0.43687238080546903,
      "joint_prec": 0.34881388888888887,
      "joint_recall": 0.6700079365079366,
      "n": 200,
      "sp_em": 0.03,
      "sp_f1": 0.5422261904761905,
      "sp_prec": 0.41783333333333333,
      "sp_recall": 0.8272499999999999
    }
  },
  "by_type": {
    "bridge": {
      "ans_em": 0.6097560975609756,
      "ans_f1": 0.7525162566590113,
      "ans_prec": 0.7781910569105691,
      "ans_recall": 0.7572348044909021,
      "joint_em": 0.006097560975609756,
      "joint_f1": 0.4149496883436984,
      "joint_prec": 0.33066734417344174,
      "joint_recall": 0.642024777390631,
      "n": 164,
      "sp_em": 0.024390243902439025,
      "sp_f1": 0.5213432231724915,
      "sp_prec": 0.400609756097561,
      "sp_recall": 0.8001016260162602
    },
    "comparison": {
      "ans_em": 0.8055555555555556,
      "ans_f1": 0.8421296296296297,
      "ans_prec": 0.8611111111111112,
      "ans_recall": 0.8465608465608465,
      "joint_em": 0.05555555555555555,
      "joint_f1": 0.5367424242424242,
      "joint_prec": 0.43148148148148147,
      "joint_recall": 0.7974867724867725,
      "n": 36,
      "sp_em": 0.05555555555555555,
      "sp_f1": 0.6373597081930416,
      "sp_prec": 0.4962962962962963,
      "sp_recall": 0.950925925925926
    }
  },
  "config": {
    "adapter_mode": "phaseH_v2_baseline",
    "api_port": 18910,
    "generator": "gpt-4.1-mini",
    "mode": "smoke",
    "n": 200,
    "reranker_enabled": false,
    "setting": "distractor",
    "top_k": 5
  },
  "joint": {
    "em": 0.015,
    "f1": 0.43687238080546903,
    "n": 200,
    "prec": 0.34881388888888887,
    "recall": 0.6700079365079366
  },
  "latency_ms": {
    "generation_p50": 541.135311126709,
    "generation_p95": 1137.7680063247674,
    "ingest_p50": 216.7731523513794,
    "ingest_p95": 330.63383102416964,
    "retrieval_p50": 802.0070791244507,
    "retrieval_p95": 1434.95317697525,
    "retrieval_p99": 1499.2083859443655
  },
  "n_errors": 0,
  "n_scored": 200,
  "n_total": 200,
  "supporting_facts": {
    "em": 0.03,
    "f1": 0.5422261904761905,
    "n": 200,
    "prec": 0.41783333333333333,
    "recall": 0.8272499999999999
  }
}