{
  "answer": {
    "em": 0.5899756822480411,
    "f1": 0.7309686382571878,
    "n": 7402,
    "prec": 0.7705536267749183,
    "recall": 0.7265729165232678
  },
  "by_level": {
    "hard": {
      "ans_em": 0.5899756822480411,
      "ans_f1": 0.7309686382571878,
      "ans_prec": 0.7705536267749183,
      "ans_recall": 0.7265729165232678,
      "joint_em": 0.026614428532828964,
      "joint_f1": 0.4284994326463289,
      "joint_prec": 0.3547241078082405,
      "joint_recall": 0.6286320126641999,
      "n": 7402,
      "sp_em": 0.04242096730613348,
      "sp_f1": 0.552983039506952,
      "sp_prec": 0.43406286589210125,
      "sp_recall": 0.8192872582699656
    }
  },
  "by_type": {
    "bridge": {
      "ans_em": 0.5585798816568047,
      "ans_f1": 0.7110947932664771,
      "ans_prec": 0.7539821829340004,
      "ans_recall": 0.706444952624158,
      "joint_em": 0.016568047337278107,
      "joint_f1": 0.40333025299928693,
      "joint_prec": 0.3324117707141799,
      "joint_recall": 0.599447116391326,
      "n": 5915,
      "sp_em": 0.028909551986475063,
      "sp_f1": 0.5295404998870764,
      "sp_prec": 0.41185122569737953,
      "sp_recall": 0.7945026768103691
    },
    "comparison": {
      "ans_em": 0.714862138533961,
      "ans_f1": 0.8100229712229271,
      "ans_prec": 0.8364716431293432,
      "ans_recall": 0.8066380856310245,
      "joint_em": 0.06657700067249496,
      "joint_f1": 0.5286175884044007,
      "joint_prec": 0.44347829335724426,
      "joint_recall": 0.7447239168027668,
      "n": 1487,
      "sp_em": 0.09616677874915938,
      "sp_f1": 0.6462329533277751,
      "sp_prec": 0.5224164985429276,
      "sp_recall": 0.9178755564095173
    }
  },
  "joint": {
    "em": 0.026614428532828964,
    "f1": 0.4284994326463289,
    "n": 7402,
    "prec": 0.3547241078082405,
    "recall": 0.6286320126641999
  },
  "latency_ms": {
    "generation_p50": 538.9127731323242,
    "generation_p95": 1053.9565563201902,
    "ingest_p50": 221.24779224395752,
    "ingest_p95": 383.5312485694884,
    "retrieval_p50": 742.8348064422607,
    "retrieval_p95": 1273.091197013851,
    "retrieval_p99": 1462.5665545463562
  },
  "n_errors": 3,
  "n_scored": 7402,
  "n_total": 7405,
  "supporting_facts": {
    "em": 0.04242096730613348,
    "f1": 0.552983039506952,
    "n": 7402,
    "prec": 0.43406286589210125,
    "recall": 0.8192872582699656
  }
}