{
  "answer": {
    "em": 0.5911915698459875,
    "f1": 0.733685150493272,
    "n": 7402,
    "prec": 0.7713679201535614,
    "recall": 0.731089367378546
  },
  "by_level": {
    "hard": {
      "ans_em": 0.5911915698459875,
      "ans_f1": 0.733685150493272,
      "ans_prec": 0.7713679201535614,
      "ans_recall": 0.731089367378546,
      "joint_em": 0.0262091326668468,
      "joint_f1": 0.42972377103110304,
      "joint_prec": 0.35490359873592886,
      "joint_recall": 0.6319901928445227,
      "n": 7402,
      "sp_em": 0.04242096730613348,
      "sp_f1": 0.5529494792937106,
      "sp_prec": 0.434022336305503,
      "sp_recall": 0.8193210329254642
    }
  },
  "by_type": {
    "bridge": {
      "ans_em": 0.5601757944557133,
      "ans_f1": 0.7142245614666812,
      "ans_prec": 0.7548252276421648,
      "ans_recall": 0.7116595104805044,
      "joint_em": 0.01656524678837052,
      "joint_f1": 0.40491162326505153,
      "joint_prec": 0.33287386557142307,
      "joint_recall": 0.6033643694753398,
      "n": 5916,
      "sp_em": 0.028904665314401622,
      "sp_f1": 0.5293949139283824,
      "sp_prec": 0.41171681316204645,
      "sp_recall": 0.7944106378183458
    },
    "comparison": {
      "ans_em": 0.7146702557200538,
      "ans_f1": 0.8111608198615833,
      "ans_prec": 0.8372269840145452,
      "ans_recall": 0.8084426873037236,
      "joint_em": 0.06460296096904442,
      "joint_f1": 0.5285048384496499,
      "joint_prec": 0.44260743547968173,
      "joint_recall": 0.7459541033775555,
      "n": 1486,
      "sp_em": 0.09623149394347241,
      "sp_f1": 0.6467239131438324,
      "sp_prec": 0.5228241363840287,
      "sp_recall": 0.9184932384797795
    }
  },
  "config": {
    "adapter_mode": "phaseH_v2_baseline",
    "api_port": 18910,
    "generator": "gpt-4.1-mini",
    "mode": "full",
    "n": 0,
    "reranker_enabled": false,
    "setting": "distractor",
    "top_k": 5
  },
  "joint": {
    "em": 0.0262091326668468,
    "f1": 0.42972377103110304,
    "n": 7402,
    "prec": 0.35490359873592886,
    "recall": 0.6319901928445227
  },
  "latency_ms": {
    "generation_p50": 538.5332107543945,
    "generation_p95": 1103.9671421051023,
    "ingest_p50": 210.93833446502686,
    "ingest_p95": 334.8646759986877,
    "retrieval_p50": 1113.5938167572021,
    "retrieval_p95": 1525.8553981781006,
    "retrieval_p99": 1627.85747051239
  },
  "n_errors": 3,
  "n_scored": 7402,
  "n_total": 7405,
  "supporting_facts": {
    "em": 0.04242096730613348,
    "f1": 0.5529494792937106,
    "n": 7402,
    "prec": 0.434022336305503,
    "recall": 0.8193210329254642
  }
}