system,ndcg_at_10,mrr,recall_at_10,p_at_5,n_queries
bm25,0.10074406,0.21,0.0017073,0.10400000000000001,50
e5,0.83352542,0.89499998,0.02121248,0.856,50
