{
  "schema": "musique-aggregate/v1",
  "n_total": 2417,
  "n_scored": 2416,
  "n_errors": 1,
  "answer_em": 0.4656456953642384,
  "answer_f1": 0.5862158090819864,
  "support_f1": 0.6630104856512141,
  "accuracy": 0.6121688741721855,
  "f1_ci95_low": 0.59257578225843,
  "f1_ci95_high": 0.6314058205043295,
  "per_hop": {
    "2hop": {
      "n": 1251.0,
      "answer_em": 0.4756195043964828,
      "answer_f1": 0.5942220553801877,
      "support_f1": 0.6990407673860911,
      "n_retrieval": 1249.0,
      "support_hit_at_10": 0.9975980784627703,
      "support_recall_at_10": 1.5596477181745396
    },
    "3hop1": {
      "n": 568.0,
      "answer_em": 0.5052816901408451,
      "answer_f1": 0.6427052629377502,
      "support_f1": 0.6379107981220657,
      "n_retrieval": 568.0,
      "support_hit_at_10": 1.0,
      "support_recall_at_10": 1.4518779342723005
    },
    "3hop2": {
      "n": 192.0,
      "answer_em": 0.4166666666666667,
      "answer_f1": 0.5292824074074074,
      "support_f1": 0.7135416666666666,
      "n_retrieval": 192.0,
      "support_hit_at_10": 1.0,
      "support_recall_at_10": 1.564236111111111
    },
    "4hop1": {
      "n": 246.0,
      "answer_em": 0.42276422764227645,
      "answer_f1": 0.5235352948767582,
      "support_f1": 0.5182926829268293,
      "n_retrieval": 246.0,
      "support_hit_at_10": 1.0,
      "support_recall_at_10": 1.1158536585365855
    },
    "4hop2": {
      "n": 64.0,
      "answer_em": 0.421875,
      "answer_f1": 0.500073881227132,
      "support_f1": 0.62109375,
      "n_retrieval": 64.0,
      "support_hit_at_10": 1.0,
      "support_recall_at_10": 1.29296875
    },
    "4hop3": {
      "n": 95.0,
      "answer_em": 0.3368421052631579,
      "answer_f1": 0.47844611528822056,
      "support_f1": 0.6394736842105263,
      "n_retrieval": 95.0,
      "support_hit_at_10": 1.0,
      "support_recall_at_10": 1.3263157894736841
    }
  },
  "latency_summary": {
    "ingest_ms": {
      "p50": 1831.223964691162,
      "p95": 2513.697862625122,
      "p99": 3537.2540950775146,
      "mean": 1921.3994730095949,
      "n": 2417
    },
    "vectorize_ms": {
      "p50": 1861.9024753570557,
      "p95": 2588.8586044311523,
      "p99": 5875.528573989868,
      "mean": 2213.4712633141617,
      "n": 2417
    },
    "retrieval_ms": {
      "p50": 1126.1532306671143,
      "p95": 1556.2262535095215,
      "p99": 1702.2006511688232,
      "mean": 1125.9623415271851,
      "n": 2417
    },
    "generation_ms": {
      "p50": 561.7527961730957,
      "p95": 1156.9850444793701,
      "p99": 12138.607263565063,
      "mean": 897.5037317114228,
      "n": 2417
    }
  },
  "cost_summary": {
    "input_tokens": 4635747,
    "output_tokens": 9978,
    "embed_tokens": 0,
    "cost_gen_usd": 1.8702636000000004,
    "cost_embed_usd": 0.0,
    "cost_total_usd": 1.8702636000000004
  },
  "published_baselines": [
    {
      "system": "End2End [EE] (paper)",
      "generator": "Longformer-large (trained)",
      "answer_f1": 0.423,
      "support_f1": 0.676,
      "source": "Trivedi et al. 2022 Table 5",
      "notes": "Supervised End2End reader on musique_ans dev; all 20 paragraphs."
    },
    {
      "system": "Select+Answer [SA] (paper)",
      "generator": "Longformer-large (trained)",
      "answer_f1": 0.473,
      "support_f1": 0.723,
      "source": "Trivedi et al. 2022 Table 5",
      "notes": "Two-stage: paragraph selector + answerer, both trained."
    },
    {
      "system": "Execution by End2End [EX(EE)] (paper)",
      "generator": "Longformer-large (trained)",
      "answer_f1": 0.456,
      "support_f1": 0.778,
      "source": "Trivedi et al. 2022 Table 5",
      "notes": "Decomposer + step-executor pipeline; multi-step reader."
    },
    {
      "system": "Execution by Select+Answer [EX(SA)] (paper, SOTA in paper)",
      "generator": "Longformer-large (trained)",
      "answer_f1": 0.497,
      "support_f1": 0.792,
      "source": "Trivedi et al. 2022 Table 5",
      "notes": "Paper's strongest configuration; decomposer + select+answer per step."
    },
    {
      "system": "Standard RAG (IRCoT paper)",
      "generator": "GPT-3 (text-davinci-002)",
      "answer_f1": 0.167,
      "support_f1": null,
      "source": "Trivedi et al. 2023 (IRCoT) Table 1",
      "notes": "Single-shot RAG, BM25 retriever, n=500 subset. Common baseline."
    },
    {
      "system": "IRCoT (interleaved retrieval+CoT)",
      "generator": "GPT-3 (text-davinci-002)",
      "answer_f1": 0.358,
      "support_f1": null,
      "source": "Trivedi et al. 2023 (IRCoT) Table 1",
      "notes": "Iterative retrieve+reason; current open RAG SOTA on MuSiQue subset."
    },
    {
      "system": "Self-Ask + Search",
      "generator": "GPT-3 (text-davinci-002)",
      "answer_f1": 0.151,
      "support_f1": null,
      "source": "Press et al. 2023 (cited in IRCoT)",
      "notes": "Self-Ask prompting with external search."
    },
    {
      "system": "Standard RAG (Lost in the Middle)",
      "generator": "GPT-3.5-turbo",
      "answer_f1": 0.22,
      "support_f1": null,
      "source": "Liu et al. 2024 (cited)",
      "notes": "RAG analysis paper, MuSiQue subset, generally ~20-25% F1."
    }
  ],
  "retrieval_mode": false,
  "n_retrieval_scored": 2414,
  "support_hit_at_5": 0.9925434962717481,
  "support_hit_at_10": 0.9987572493786246,
  "support_hit_at_20": 0.9995857497928748,
  "support_recall_at_10": 1.4731772990886496
}